#{"t_start": 1754910721.4802122, "env_id": "clash-royale"}
r,l,t
-84.559419,14400,128.933009
56.073106,14400,162.280166
-11.522863,14400,195.349358
-133.419913,14400,229.064783
104.235738,14400,264.551994
